{
  "posts": [
    {
      "post_id": 1,
      "post_title": "test",
      "post_content": "test",
      "file_id": 1,
      "user_id": 1,
      "nickname": "테스트777",
      "created_at": "2024-04-12T03:04:19.000Z",
      "updated_at": "2024-04-12T03:04:19.000Z",
      "deleted_at": null,
      "like": "0",
      "comment_count": "0",
      "hits": "0",
      "profile_image_path": "/public/image/profile/test.jpg"
    },
    {
      "post_id": 2,
      "post_title": "123456789123456789123456789",
      "post_content": "제목검사",
      "file_id": 2,
      "user_id": 2,
      "nickname": "제목검사",
      "created_at": "2024-04-12T03:04:19.000Z",
      "updated_at": "2024-04-12T03:04:19.000Z",
      "deleted_at": null,
      "like": "0",
      "comment_count": "0",
      "hits": "0",
      "profile_image_path": "/public/image/profile/test.jpg"
    },
    {
      "post_id": 3,
      "post_title": "수정한 제목",
      "post_content": "수정한 내용",
      "file_id": 3,
      "user_id": 3,
      "nickname": "테스트333",
      "created_at": "2024-04-12T03:04:19.000Z",
      "updated_at": "2024-05-21T04:21:56.964Z",
      "deleted_at": null,
      "like": "0",
      "comment_count": "0",
      "hits": "0",
      "profile_image_path": "/public/image/profile/test.jpg",
      "file_path": "/public/image/post/test.jpg"
    },
    {
      "post_id": 4,
      "post_title": "test",
      "post_content": "test",
      "file_id": 4,
      "user_id": 4,
      "nickname": "테스트444",
      "created_at": "2024-04-12T03:04:19.000Z",
      "updated_at": "2024-04-12T03:04:19.000Z",
      "deleted_at": null,
      "like": "100000000000000",
      "comment_count": "1000000000000000000",
      "hits": "1000000000000000000000",
      "profile_image_path": "/public/image/profile/test.jpg"
    },
    {
      "post_title": "게시글 제목",
      "post_content": "게시글 내용",
      "file_path": "https://asdasdasd/.jpg",
      "post_id": 5,
      "created_at": "2024-05-21T01:37:54.160Z",
      "updated_at": "2024-05-21T01:37:54.160Z"
    }
  ],
  "comments" : [
    {
      "comment_id": 1,
      "comment_content": "더미 댓글 데이터",
      "post_id": 1,
      "user_id": 1,
      "nickname": "테스트",
      "created_at": "2024-03-26T14:25:33.000Z",
      "updated_at": "2024-03-26T14:25:33.000Z",
      "deleted_at": null,
      "file_id": 1,
      "profile_image_path": "/public/image/profile/test.jpg"
      }
  ]
}