{
  "users": [
    {
      "userId": 1,
      "email": "lky3004me@gmail.com",
      "nickname": "lkylky",
      "password": "Warhammer2024!!",
      "created_at": "2024-03-26T09:59:50.000Z",
      "updated_at": "2024-05-20T14:58:29.463Z",
      "deleted_at": null,
      "auth_token": "pGGXsa6vaKs615CYO0GpJjcDpN6WUjQa"
    },
    {
      "userId": 2,
      "email": "lky3004me@naver.com",
      "nickname": "lky1004me",
      "password": "ABc7890!!",
      "created_at": "2024-03-26T09:59:50.000Z",
      "updated_at": "2024-03-26T09:59:50.000Z",
      "deleted_at": null,
      "auth_token": "pGGXsa6vaKs615CYO0GpJjcDpN6WUjQa"
    },
    {
      "userId": 3,
      "email": "lky3004me@naver.net",
      "password": "Abc1234!!",
      "nickname": "lkyabcabc",
      "profileImagePath": null,
      "created_at": "2024-05-21T04:48:39.421Z",
      "updated_at": "2024-05-21T04:48:39.421Z",
      "deleted_at": null
    },
    {
      "userId": 4,
      "email": "lky3004me@naver.aaa",
      "password": "Abc1234!!",
      "nickname": "lkyaaaaaa",
      "profileImagePath": null,
      "created_at": "2024-05-21T04:52:10.694Z",
      "updated_at": "2024-05-21T04:52:10.694Z",
      "deleted_at": null
    },
    {
      "userId": 5,
      "email": "lky1004me@naver.com",
      "password": "Abc1234!!",
      "nickname": "lkylkj",
      "profileImagePath": null,
      "created_at": "2024-05-21T04:53:58.510Z",
      "updated_at": "2024-05-21T04:53:58.510Z",
      "deleted_at": null
    },
    {
      "userId": 6,
      "email": "lkyabcabc@abc.com",
      "password": "Abc1234!!",
      "nickname": "lkylkylky",
      "profileImagePath": null,
      "created_at": "2024-05-21T04:58:27.528Z",
      "updated_at": "2024-05-21T04:58:27.528Z",
      "deleted_at": null
    },
    {
      "userId": 7,
      "email": "lky3004me@abvcabc.com",
      "password": "Abc1234!!",
      "nickname": "lkylkylkj",
      "profileImagePath": null,
      "created_at": "2024-05-21T05:02:33.517Z",
      "updated_at": "2024-05-21T05:02:33.517Z",
      "deleted_at": null
    },
    {
      "userId": 8,
      "email": "lky3004me@aaa",
      "password": "Abc1234!!",
      "nickname": "lkykkkk",
      "profileImagePath": null,
      "created_at": "2024-05-21T07:48:00.835Z",
      "updated_at": "2024-05-21T07:48:00.835Z",
      "deleted_at": null
    },
    {
      "userId": 9,
      "email": "lky@lky",
      "password": "Abc1234!!",
      "nickname": "lkylkylkylkylky",
      "profileImagePath": null,
      "created_at": "2024-05-21T07:50:46.749Z",
      "updated_at": "2024-05-21T07:50:46.749Z",
      "deleted_at": null
    },
    {
      "email": "lky3004me@gmail.comm",
      "password": "Abc1234!!",
      "nickname": "ababa",
      "profile_image_path": "/default/path/to/profile.jpg",
      "userId": 10,
      "created_at": "2024-05-21T08:56:10.951Z",
      "updated_at": "2024-05-21T08:56:10.951Z"
    },
    {
      "email": "lky3004me@aaa.com",
      "password": "Abc1234!!",
      "nickname": "abcabcsl",
      "profile_image_path": "/default/path/to/profile.jpg",
      "userId": 11,
      "created_at": "2024-05-28T05:47:11.353Z",
      "updated_at": "2024-05-28T05:47:11.353Z"
    },
    {
      "email": "lkyabc@00.com",
      "password": "Abc1234!!",
      "nickname": "abcabcsl",
      "profile_image_path": "/default/path/to/profile.jpg",
      "userId": 12,
      "created_at": "2024-05-28T05:49:26.725Z",
      "updated_at": "2024-05-28T05:49:26.725Z"
    },
    {
      "email": "lky3004me@a.com",
      "password": "Abc1234!!",
      "nickname": "lkyabclky",
      "profile_image_path": "/default/path/to/profile.jpg",
      "userId": 13,
      "created_at": "2024-05-28T05:50:41.912Z",
      "updated_at": "2024-05-28T05:50:41.912Z"
    }
  ]
}